CREATE DATABASE  IF NOT EXISTS `teameat` /*!40100 DEFAULT CHARACTER SET utf8 */;
USE `teameat`;
-- MySQL dump 10.13  Distrib 5.6.17, for Win32 (x86)
--
-- Host: 127.0.0.1    Database: teameat
-- ------------------------------------------------------
-- Server version	5.6.20

/*!40101 SET @OLD_CHARACTER_SET_CLIENT=@@CHARACTER_SET_CLIENT */;
/*!40101 SET @OLD_CHARACTER_SET_RESULTS=@@CHARACTER_SET_RESULTS */;
/*!40101 SET @OLD_COLLATION_CONNECTION=@@COLLATION_CONNECTION */;
/*!40101 SET NAMES utf8 */;
/*!40103 SET @OLD_TIME_ZONE=@@TIME_ZONE */;
/*!40103 SET TIME_ZONE='+00:00' */;
/*!40014 SET @OLD_UNIQUE_CHECKS=@@UNIQUE_CHECKS, UNIQUE_CHECKS=0 */;
/*!40014 SET @OLD_FOREIGN_KEY_CHECKS=@@FOREIGN_KEY_CHECKS, FOREIGN_KEY_CHECKS=0 */;
/*!40101 SET @OLD_SQL_MODE=@@SQL_MODE, SQL_MODE='NO_AUTO_VALUE_ON_ZERO' */;
/*!40111 SET @OLD_SQL_NOTES=@@SQL_NOTES, SQL_NOTES=0 */;

--
-- Table structure for table `calculation`
--

DROP TABLE IF EXISTS `calculation`;
/*!40101 SET @saved_cs_client     = @@character_set_client */;
/*!40101 SET character_set_client = utf8 */;
CREATE TABLE `calculation` (
  `id` int(11) NOT NULL AUTO_INCREMENT,
  `cena_za_kg` double DEFAULT NULL,
  `date` date NOT NULL,
  `info` varchar(255) DEFAULT NULL,
  `ves_chasti` double DEFAULT NULL,
  PRIMARY KEY (`id`)
) ENGINE=InnoDB DEFAULT CHARSET=utf8;
/*!40101 SET character_set_client = @saved_cs_client */;

--
-- Dumping data for table `calculation`
--

LOCK TABLES `calculation` WRITE;
/*!40000 ALTER TABLE `calculation` DISABLE KEYS */;
/*!40000 ALTER TABLE `calculation` ENABLE KEYS */;
UNLOCK TABLES;

--
-- Table structure for table `goods`
--

DROP TABLE IF EXISTS `goods`;
/*!40101 SET @saved_cs_client     = @@character_set_client */;
/*!40101 SET character_set_client = utf8 */;
CREATE TABLE `goods` (
  `id` int(11) NOT NULL AUTO_INCREMENT,
  `category` varchar(255) DEFAULT NULL,
  `company_name` varchar(255) DEFAULT NULL,
  `date` datetime DEFAULT NULL,
  `price` double DEFAULT NULL,
  `sender` varchar(255) DEFAULT NULL,
  `sum` double DEFAULT NULL,
  `type` varchar(255) DEFAULT NULL,
  `weight` double DEFAULT NULL,
  PRIMARY KEY (`id`)
) ENGINE=InnoDB DEFAULT CHARSET=utf8;
/*!40101 SET character_set_client = @saved_cs_client */;

--
-- Dumping data for table `goods`
--

LOCK TABLES `goods` WRITE;
/*!40000 ALTER TABLE `goods` DISABLE KEYS */;
/*!40000 ALTER TABLE `goods` ENABLE KEYS */;
UNLOCK TABLES;

--
-- Temporary table structure for view `goodsg`
--

DROP TABLE IF EXISTS `goodsg`;
/*!50001 DROP VIEW IF EXISTS `goodsg`*/;
SET @saved_cs_client     = @@character_set_client;
SET character_set_client = utf8;
/*!50001 CREATE TABLE `goodsg` (
  `categoryG` tinyint NOT NULL,
  `company_nameG` tinyint NOT NULL,
  `sellDateG` tinyint NOT NULL,
  `priceG` tinyint NOT NULL,
  `senderG` tinyint NOT NULL,
  `sumG` tinyint NOT NULL,
  `meattypeG` tinyint NOT NULL,
  `weightG` tinyint NOT NULL
) ENGINE=MyISAM */;
SET character_set_client = @saved_cs_client;

--
-- Table structure for table `invoice`
--

DROP TABLE IF EXISTS `invoice`;
/*!40101 SET @saved_cs_client     = @@character_set_client */;
/*!40101 SET character_set_client = utf8 */;
CREATE TABLE `invoice` (
  `id` int(11) NOT NULL AUTO_INCREMENT,
  `date` datetime DEFAULT NULL,
  `paidAmount` double NOT NULL,
  `sender` varchar(255) DEFAULT NULL,
  `totalAmount` double NOT NULL,
  `totalReward` double NOT NULL,
  `receiver_id` int(11) DEFAULT NULL,
  PRIMARY KEY (`id`),
  KEY `FK_5vwyydpph8xdqyd0p1l5sujoi` (`receiver_id`),
  CONSTRAINT `FK_5vwyydpph8xdqyd0p1l5sujoi` FOREIGN KEY (`receiver_id`) REFERENCES `receiver` (`id`)
) ENGINE=InnoDB AUTO_INCREMENT=31 DEFAULT CHARSET=utf8;
/*!40101 SET character_set_client = @saved_cs_client */;

--
-- Dumping data for table `invoice`
--

LOCK TABLES `invoice` WRITE;
/*!40000 ALTER TABLE `invoice` DISABLE KEYS */;
INSERT INTO `invoice` VALUES (1,'2015-09-08 23:45:42',0,'admin',10684,9,0),(2,'2015-09-08 23:55:18',0,'admin',20636,13,0),(3,'2015-09-09 00:07:24',0,'admin',34608,12,0),(4,'2015-09-10 22:54:00',0,'admin',31840,12,0),(5,'2015-09-12 14:13:49',0,'admin',288400,100,0),(6,'2015-09-12 16:00:50',0,'admin',288400,100,0),(7,'2015-09-12 16:04:42',0,'admin',57680,20,0),(8,'2015-09-12 16:14:48',0,'admin',2884,1,0),(9,'2015-09-12 16:18:27',0,'admin',2884,1,0),(10,'2015-09-12 16:20:55',0,'admin',2884,1,0),(11,'2015-09-12 16:34:06',0,'admin',2884,1,0),(12,'2015-09-12 23:00:21',0,'admin',28840,10,0),(13,'2015-09-12 23:30:02',0,'admin',2884,1,0),(14,'2015-09-12 23:36:44',0,'admin',2884,1,0),(15,'2015-09-12 23:38:41',0,'admin',2884,1,0),(16,'2015-09-13 16:39:52',0,'admin',1500,1,0),(17,'2015-09-13 17:42:17',0,'admin',5768,2,0),(18,'2015-09-13 17:42:57',0,'admin',2600,2,0),(19,'2015-09-13 17:43:23',0,'admin',5768,2,0),(20,'2015-09-13 19:01:08',0,'admin',2884,1,0),(21,'2015-09-13 19:37:18',0,'admin',2884,1,0),(22,'2015-09-13 19:37:33',0,'admin',2884,1,0),(23,'2015-09-13 19:40:21',123213,'admin',2884,1,0),(24,'2015-09-13 19:41:27',0,'admin',2884,1,0),(25,'2015-09-13 19:47:13',0,'admin',2884,1,0),(26,'2015-09-13 20:00:20',0,'admin',8652,3,0),(27,'2015-09-13 20:32:24',0,'admin',8652,3,0),(28,'2015-09-13 20:33:37',0,'admin',2884,1,0),(29,'2015-09-16 22:23:33',0,'admin',5768,2,0),(30,'2015-09-16 22:23:44',0,'admin',8652,3,0);
/*!40000 ALTER TABLE `invoice` ENABLE KEYS */;
UNLOCK TABLES;

--
-- Table structure for table `kassa`
--

DROP TABLE IF EXISTS `kassa`;
/*!40101 SET @saved_cs_client     = @@character_set_client */;
/*!40101 SET character_set_client = utf8 */;
CREATE TABLE `kassa` (
  `id` int(11) NOT NULL AUTO_INCREMENT,
  `sum` double DEFAULT NULL,
  `date` datetime DEFAULT NULL,
  PRIMARY KEY (`id`)
) ENGINE=InnoDB AUTO_INCREMENT=17 DEFAULT CHARSET=utf8;
/*!40101 SET character_set_client = @saved_cs_client */;

--
-- Dumping data for table `kassa`
--

LOCK TABLES `kassa` WRITE;
/*!40000 ALTER TABLE `kassa` DISABLE KEYS */;
INSERT INTO `kassa` VALUES (1,10000,'2015-09-12 23:34:47'),(2,20000,'2015-09-12 23:34:59'),(3,10000,'2015-09-12 23:35:07'),(4,10000,'2015-09-12 23:36:33'),(5,20000,'2015-09-12 23:38:32'),(6,27884,'2015-09-12 23:39:49'),(7,100000,'2015-09-13 18:33:15'),(8,200000,'2015-09-13 19:00:56'),(9,100000,'2015-09-13 19:30:21'),(10,100000,'2015-09-13 19:38:38'),(11,20000,'2015-09-13 19:40:40'),(12,30000,'2015-09-13 19:42:41'),(13,50000,'2015-09-13 19:43:47'),(14,70000,'2015-09-13 19:45:21'),(15,800000,'2015-09-13 19:59:50'),(16,50000,'2015-09-13 20:33:19');
/*!40000 ALTER TABLE `kassa` ENABLE KEYS */;
UNLOCK TABLES;

--
-- Table structure for table `meat_category`
--

DROP TABLE IF EXISTS `meat_category`;
/*!40101 SET @saved_cs_client     = @@character_set_client */;
/*!40101 SET character_set_client = utf8 */;
CREATE TABLE `meat_category` (
  `name` varchar(255) NOT NULL,
  `id` int(11) NOT NULL,
  PRIMARY KEY (`name`),
  UNIQUE KEY `UK_12m0w9qrjg4o7qivcctu20j1g` (`id`)
) ENGINE=InnoDB DEFAULT CHARSET=utf8;
/*!40101 SET character_set_client = @saved_cs_client */;

--
-- Dumping data for table `meat_category`
--

LOCK TABLES `meat_category` WRITE;
/*!40000 ALTER TABLE `meat_category` DISABLE KEYS */;
INSERT INTO `meat_category` VALUES ('test',0),('говядина',1),('конина',2),('баранина',3),('утка',4),('курица',5),('гуси',6),('рыба',7),('мучное',8),('специи',9),('колбаса',10),('молочная',11),('вопрос',12),('прочее',13);
/*!40000 ALTER TABLE `meat_category` ENABLE KEYS */;
UNLOCK TABLES;

--
-- Table structure for table `meat_part`
--

DROP TABLE IF EXISTS `meat_part`;
/*!40101 SET @saved_cs_client     = @@character_set_client */;
/*!40101 SET character_set_client = utf8 */;
CREATE TABLE `meat_part` (
  `id` int(11) NOT NULL AUTO_INCREMENT,
  `ball` bit(1) DEFAULT NULL,
  `barcode` bigint(20) DEFAULT NULL,
  `price` double DEFAULT NULL,
  `weight` double DEFAULT NULL,
  `calculation_id` int(11) DEFAULT NULL,
  `category_id` int(11) DEFAULT NULL,
  `invoice_id` int(11) DEFAULT NULL,
  `type_id` int(11) DEFAULT NULL,
  PRIMARY KEY (`id`),
  KEY `FK_9tx1s87588ym5vc8pekux3uec` (`calculation_id`),
  KEY `FK_le89esfpenbaoussibe0xxb4i` (`category_id`),
  KEY `FK_rirhcwp33c9hho8exh2t4nvxd` (`invoice_id`),
  KEY `FK_p3t2v1976oxo7enwf048flyxu` (`type_id`),
  CONSTRAINT `FK_9tx1s87588ym5vc8pekux3uec` FOREIGN KEY (`calculation_id`) REFERENCES `calculation` (`id`),
  CONSTRAINT `FK_le89esfpenbaoussibe0xxb4i` FOREIGN KEY (`category_id`) REFERENCES `meat_category` (`id`),
  CONSTRAINT `FK_rirhcwp33c9hho8exh2t4nvxd` FOREIGN KEY (`invoice_id`) REFERENCES `invoice` (`id`),
  CONSTRAINT `fk1_meat_types_id` FOREIGN KEY (`type_id`) REFERENCES `meat_types` (`id`) ON DELETE NO ACTION ON UPDATE NO ACTION
) ENGINE=InnoDB AUTO_INCREMENT=83 DEFAULT CHARSET=utf8;
/*!40101 SET character_set_client = @saved_cs_client */;

--
-- Dumping data for table `meat_part`
--

LOCK TABLES `meat_part` WRITE;
/*!40000 ALTER TABLE `meat_part` DISABLE KEYS */;
INSERT INTO `meat_part` VALUES (2,'\0',102,1500,1,NULL,1,1,2),(3,'\0',103,1100,1,NULL,1,1,3),(4,'\0',104,1100,1,NULL,1,1,4),(5,'\0',105,500,1,NULL,1,1,5),(6,'\0',106,1500,1,NULL,1,1,6),(8,'\0',108,100,1,NULL,1,1,8),(9,'\0',109,1200,1,NULL,1,1,9),(10,'\0',101,2884,1,NULL,1,2,1),(11,'\0',102,1500,1,NULL,1,2,2),(12,'\0',103,1100,1,NULL,1,2,3),(13,'\0',104,1100,1,NULL,1,2,4),(14,'\0',105,500,1,NULL,1,2,5),(15,'\0',107,800,1,NULL,1,2,7),(16,'\0',108,100,1,NULL,1,2,8),(17,'\0',106,1500,1,NULL,1,2,6),(18,'\0',109,1200,1,NULL,1,2,9),(19,'\0',101,2884,1,NULL,1,2,1),(20,'\0',101,2884,1,NULL,1,2,1),(21,'\0',1010,1300,1,NULL,1,2,10),(22,'\0',101,2884,1,NULL,1,2,1),(23,'\0',101,2884,1,NULL,1,3,1),(24,'\0',101,2884,1,NULL,1,3,1),(25,'\0',101,2884,1,NULL,1,3,1),(26,'\0',101,2884,1,NULL,1,3,1),(27,'\0',101,2884,1,NULL,1,3,1),(28,'\0',101,2884,1,NULL,1,3,1),(29,'\0',101,2884,1,NULL,1,3,1),(30,'\0',101,2884,1,NULL,1,3,1),(31,'\0',101,2884,1,NULL,1,3,1),(32,'\0',101,2884,1,NULL,1,3,1),(33,'\0',101,2884,1,NULL,1,3,1),(34,'\0',101,2884,1,NULL,1,3,1),(35,'\0',1101,1500,1,NULL,11,4,62),(36,'\0',1101,1500,1,NULL,11,4,62),(37,'\0',101,2884,1,NULL,1,4,1),(38,'\0',101,2884,1,NULL,1,4,1),(39,'\0',101,2884,1,NULL,1,4,1),(40,'\0',101,2884,1,NULL,1,4,1),(41,'\0',101,2884,1,NULL,1,4,1),(42,'\0',101,2884,1,NULL,1,4,1),(43,'\0',101,2884,1,NULL,1,4,1),(44,'\0',101,2884,1,NULL,1,4,1),(45,'\0',101,2884,1,NULL,1,4,1),(46,'\0',101,2884,1,NULL,1,4,1),(47,'\0',101,2884,100,NULL,1,5,1),(48,'\0',101,2884,100,NULL,1,6,1),(49,'\0',101,2884,20,NULL,1,7,1),(50,'\0',101,2884,1,NULL,1,8,1),(51,'\0',101,2884,1,NULL,1,9,1),(52,'\0',101,2884,1,NULL,1,10,1),(53,'\0',101,2884,1,NULL,1,11,1),(54,'\0',101,2884,10,NULL,1,12,1),(55,'\0',101,2884,1,NULL,1,13,1),(56,'\0',101,2884,1,NULL,1,14,1),(57,'\0',101,2884,1,NULL,1,15,1),(58,'\0',102,1500,1,NULL,1,16,2),(59,'\0',101,2884,1,NULL,1,17,1),(60,'\0',101,2884,1,NULL,1,17,1),(61,'\0',102,1500,1,NULL,1,18,2),(62,'\0',103,1100,1,NULL,1,18,3),(63,'\0',101,2884,1,NULL,1,19,1),(64,'\0',101,2884,1,NULL,1,19,1),(65,'\0',101,2884,1,NULL,1,20,1),(66,'\0',101,2884,1,NULL,1,21,1),(67,'\0',101,2884,1,NULL,1,22,1),(68,'\0',101,2884,1,NULL,1,23,1),(69,'\0',101,2884,1,NULL,1,24,1),(70,'\0',101,2884,1,NULL,1,25,1),(71,'\0',101,2884,1,NULL,1,26,1),(72,'\0',101,2884,1,NULL,1,26,1),(73,'\0',101,2884,1,NULL,1,26,1),(74,'\0',101,2884,1,NULL,1,27,1),(75,'\0',101,2884,1,NULL,1,27,1),(76,'\0',101,2884,1,NULL,1,27,1),(77,'\0',101,2884,1,NULL,1,28,1),(78,'\0',101,2884,1,NULL,1,29,1),(79,'\0',101,2884,1,NULL,1,29,1),(80,'\0',101,2884,1,NULL,1,30,1),(81,'\0',101,2884,1,NULL,1,30,1),(82,'\0',101,2884,1,NULL,1,30,1);
/*!40000 ALTER TABLE `meat_part` ENABLE KEYS */;
UNLOCK TABLES;

--
-- Table structure for table `meat_part_purchase`
--

DROP TABLE IF EXISTS `meat_part_purchase`;
/*!40101 SET @saved_cs_client     = @@character_set_client */;
/*!40101 SET character_set_client = utf8 */;
CREATE TABLE `meat_part_purchase` (
  `id` int(11) NOT NULL AUTO_INCREMENT,
  `price` double DEFAULT NULL,
  `weight` double DEFAULT NULL,
  `calculation_id` int(11) DEFAULT NULL,
  `category_id` int(11) DEFAULT NULL,
  `purchase_id` int(11) DEFAULT NULL,
  `type_id` int(11) DEFAULT NULL,
  PRIMARY KEY (`id`),
  KEY `FK_2mhccd2qwa9ex4pquakacek6e` (`calculation_id`),
  KEY `FK_hgyafyflkf00yw7kak1stlv65` (`category_id`),
  KEY `FK_gysw43qkg068vn2qrxgsuf2st` (`purchase_id`),
  KEY `FK_r5j52yxl4tynsp0xxcpt0k9l3` (`type_id`),
  CONSTRAINT `FK_2mhccd2qwa9ex4pquakacek6e` FOREIGN KEY (`calculation_id`) REFERENCES `calculation` (`id`),
  CONSTRAINT `FK_gysw43qkg068vn2qrxgsuf2st` FOREIGN KEY (`purchase_id`) REFERENCES `purchase` (`id`),
  CONSTRAINT `FK_hgyafyflkf00yw7kak1stlv65` FOREIGN KEY (`category_id`) REFERENCES `meat_category` (`id`),
  CONSTRAINT `fk_meat_types_id` FOREIGN KEY (`type_id`) REFERENCES `meat_types` (`id`) ON DELETE NO ACTION ON UPDATE NO ACTION
) ENGINE=InnoDB AUTO_INCREMENT=65 DEFAULT CHARSET=utf8;
/*!40101 SET character_set_client = @saved_cs_client */;

--
-- Dumping data for table `meat_part_purchase`
--

LOCK TABLES `meat_part_purchase` WRITE;
/*!40000 ALTER TABLE `meat_part_purchase` DISABLE KEYS */;
INSERT INTO `meat_part_purchase` VALUES (1,2500,1,NULL,1,1,1),(2,0,1,NULL,1,2,2),(3,2500,1,NULL,1,2,1),(4,2500,1,NULL,1,2,1),(5,2500,10,NULL,1,3,1),(6,2500,10,NULL,1,4,1),(7,2500,10,NULL,1,5,1),(8,2500,10,NULL,1,5,1),(9,2500,1,NULL,1,6,1),(10,2500,10,NULL,1,7,1),(11,2500,10,NULL,1,8,1),(12,2500,1,NULL,1,9,1),(13,2500,5,NULL,1,10,1),(14,2500,5,NULL,1,11,1),(15,2500,2,NULL,1,12,1),(16,2500,1,NULL,1,13,1),(17,2500,1,NULL,1,14,1),(18,2500,1,NULL,1,15,1),(19,2500,1,NULL,1,16,1),(20,2500,1,NULL,1,17,1),(21,2500,1,NULL,1,18,1),(22,2500,1,NULL,1,19,1),(23,2500,1,NULL,1,19,1),(24,2500,1,NULL,1,20,1),(25,0,1,NULL,1,21,2),(26,2500,1,NULL,1,22,1),(27,2500,1,NULL,1,23,1),(28,2500,1,NULL,1,24,1),(29,0,1,NULL,1,25,2),(30,2500,1,NULL,1,26,1),(31,0,1,NULL,1,27,3),(32,2500,1,NULL,1,28,1),(33,2500,1,NULL,1,29,1),(34,2500,1,NULL,1,30,1),(35,2500,1,NULL,1,31,1),(36,2500,1,NULL,1,32,1),(37,2500,1,NULL,1,33,1),(38,2500,1,NULL,1,34,1),(39,2500,1,NULL,1,35,1),(40,2500,1,NULL,1,36,1),(41,2500,1,NULL,1,37,1),(42,2500,1,NULL,1,38,1),(43,2500,1,NULL,1,39,1),(44,2500,1,NULL,1,40,1),(45,2500,1,NULL,1,40,1),(46,2500,1,NULL,1,40,1),(47,2500,1,NULL,1,41,1),(48,0,1,NULL,1,41,2),(49,2500,1,NULL,1,42,1),(50,2500,1,NULL,1,42,1),(51,2500,1,NULL,1,42,1),(52,2500,1,NULL,1,42,1),(53,2500,1,NULL,1,43,1),(54,2500,1,NULL,1,43,1),(55,2500,1,NULL,1,43,1),(56,2500,1,NULL,1,43,1),(57,2500,1,NULL,1,44,1),(58,2500,1,NULL,1,44,1),(59,2500,1,NULL,1,44,1),(60,2500,1,NULL,1,44,1),(61,2500,1,NULL,1,45,1),(62,2500,1,NULL,1,45,1),(63,2500,1,NULL,1,45,1),(64,2500,1,NULL,1,45,1);
/*!40000 ALTER TABLE `meat_part_purchase` ENABLE KEYS */;
UNLOCK TABLES;

--
-- Table structure for table `meat_types`
--

DROP TABLE IF EXISTS `meat_types`;
/*!40101 SET @saved_cs_client     = @@character_set_client */;
/*!40101 SET character_set_client = utf8 */;
CREATE TABLE `meat_types` (
  `id` int(11) NOT NULL AUTO_INCREMENT,
  `barcode` bigint(20) DEFAULT NULL,
  `name` varchar(255) NOT NULL,
  `price_std` double DEFAULT NULL,
  `reward` double DEFAULT NULL,
  `category_id` int(11) DEFAULT NULL,
  `price_zakup` double DEFAULT NULL,
  PRIMARY KEY (`id`),
  KEY `FK_ejvol6no40wniep80cbvhw6ef` (`category_id`),
  CONSTRAINT `category_fk_id` FOREIGN KEY (`category_id`) REFERENCES `meat_category` (`id`) ON DELETE NO ACTION ON UPDATE NO ACTION
) ENGINE=InnoDB AUTO_INCREMENT=676 DEFAULT CHARSET=utf8;
/*!40101 SET character_set_client = @saved_cs_client */;

--
-- Dumping data for table `meat_types`
--

LOCK TABLES `meat_types` WRITE;
/*!40000 ALTER TABLE `meat_types` DISABLE KEYS */;
INSERT INTO `meat_types` VALUES (1,101,'бон филе',2884,1,1,2500),(2,102,'вырезка',1500,1,1,0),(3,103,'грудинка',1100,1,1,0),(4,104,'гуляш',1100,1,1,0),(5,105,'жир',500,1,1,0),(6,106,'карбонат',1500,1,1,0),(7,107,'копыто',800,1,1,0),(8,108,'легкое',100,1,1,0),(9,109,'ляжка',1200,1,1,0),(10,1010,'мякоть',1300,1,1,0),(11,1011,'мясо',1200,1,1,0),(12,1012,'мясо на кости',1000,1,1,0),(13,1013,'печень',700,1,1,0),(14,1014,'ребра',950,1,1,0),(15,1015,'сердце',700,1,1,0),(16,1016,'тибон',1400,1,1,0),(17,1017,'туша',1000,1,1,0),(18,1018,'фарш',1100,1,1,0),(19,1019,'язык',1500,1,1,0),(20,1020,'кости',30,1,1,0),(21,1021,'мягкие отходы',80,1,1,0),(22,1022,'суп наборы',200,1,1,0),(23,1023,'сахар кости',50,1,1,0),(24,201,'жая',1800,1,2,0),(25,202,'жилик',1800,1,2,0),(26,203,'казы',2000,1,2,0),(27,204,'карта',1300,1,2,0),(28,205,'шек',1200,1,2,0),(29,206,'шеке',500,1,2,0),(30,207,'шужык',2000,1,2,0),(31,208,'карын',500,1,2,0),(32,301,'голова',500,1,3,0),(33,302,'корейка',1300,1,3,0),(34,303,'коробка',1300,1,3,0),(35,304,'ляжка',1300,1,3,0),(36,305,'сбой',500,1,3,0),(37,306,'туша',1100,1,3,0),(38,307,'баранина на кости',1300,1,3,0),(39,308,'курдюк',1000,1,3,0),(40,309,'сетка',1000,1,3,0),(41,501,'голень уст-камен',780,1,5,0),(42,502,'грудка ардагер',780,1,5,0),(43,503,'крылья ардагер',720,1,5,0),(44,504,'окорочка россия',450,1,5,0),(45,505,'окорочка сша',500,1,5,0),(46,506,'окорочка ардагер',680,1,5,0),(47,507,'тушка курица ардагер',600,1,5,0),(48,508,'тушка курица усть-камен',700,1,5,0),(49,509,'фарш курица россия',450,1,5,0),(50,5010,'филе курица усть-камен',1050,1,5,0),(51,5011,'куриная печень алель',600,1,5,0),(52,5012,'бедро усть-камен',780,1,5,0),(53,5013,'супнабор',450,1,5,0),(54,701,'судак',950,1,7,0),(55,702,'семга',3800,1,7,0),(56,703,'эскалар',4800,1,7,0),(57,704,'икра красная обком 220г',5500,1,7,0),(58,1001,'Колбоса-чесночная',1080,1,10,0),(59,1002,'Колбоса-полу-копченная',1020,1,10,0),(60,1003,'сардельки казына',960,1,10,0),(61,1004,'Сосиски',960,1,10,0),(62,1101,'сыр мс',1500,1,11,0),(63,1102,'Масло-Рузаевское',1100,1,11,0),(64,1103,'курт 10шт',220,1,11,0),(65,801,'мука 100 пудов',130,1,8,0),(66,1301,'рис акмаржан',255,1,13,0),(67,1302,'рис баракат',270,1,13,0),(68,1303,'гречка',180,1,13,0),(69,1304,'Яйца-аккус-1С',150,1,13,0),(70,1305,'помидоры консерв шакиров',235,1,13,0),(71,4870001220280,'Лапша Бесбармачная  250гр КЕММИ',165,1,8,0),(72,4870001220303,'Лапша для супа и гарнира \"Кэмми\", 200г',165,1,8,0),(73,1307,'яица с2',15,1,13,0),(74,4870006611564,'Цесна Макароны спагетти 400г',115,1,8,0),(75,4870091000724,'Макароны Султан 400 г Рожки 5',125,1,8,0),(76,4870091000885,'МАКАРОНЫ СУЛТАН 400 Г ПЕРЬЯ',125,1,8,0),(77,4870091000663,'Макаронные изделия \"Султан\" спагетти особые 400г',130,1,8,0),(78,4870091000847,'Макароны Султан особые спираль 400гр',125,1,8,0),(79,4870091000748,'Макароны Султан 400г Рожки 8',125,1,8,0),(80,4870006610321,'Макаронны Цесна ракушка 400г.',115,1,8,0),(81,4870006610284,'Макаронны Цесна перья 400г;',115,1,8,0),(82,4870006610710,'Макароны цесна рожки гладкие 400г',115,1,8,0),(83,4870006612196,'Макаронны Цесна Рожки рифленые 400г;',115,1,8,0),(84,4870006612127,'Макароны Цесна спираль 6,8 400гр',115,1,8,0),(85,4870003710086,'Сочни для Бесбармака 250гр',200,1,8,0),(86,4870003710123,'Лия лапша лагманная300гр.',190,1,8,0),(87,4870001220297,'Лапша лагманная \"Кэмми\", 250г',155,1,8,0),(88,4870203910095,'манная крупа Айдони',150,1,8,0),(89,4870209220914,'консервированые огурцы 1л',265,1,13,0),(90,4870206700013,'консервированные помидоры 1л',235,1,13,0),(91,4870206715628,'Лечо маринелле720мл',305,1,13,0),(92,4870001080037,'Цин Каз Томатная паста 400гр',265,1,13,0),(93,4612738982419,'Килька в т/с 235г',100,1,13,0),(94,4870001082338,'Томатная паста 750г',395,1,11,0),(95,4870206715598,'Томаты marinelle маринованные 720мл',305,1,11,0),(96,4820008093073,'Горошек зеленый Верес 420 г',210,1,13,0),(97,3083680538404,'ЗЕЛЕНЫЙ ГОРОШЕК\"НЕЖНЫЙ \"БОНДЮЭЛЛЬ\" 200ГР',215,1,13,0),(98,4820008093004,'кукуруза сахарная 340г',200,1,13,0),(99,6931255720754,'река или томатная паста 100г',85,1,13,0),(100,3083680015394,'КУКУРУЗА СЛАДКАЯ \"БОНДЮЭЛЛЬ\" 170ГР',210,1,13,0),(101,4870035001152,'Шедевр Подсолнечное, 1 л',320,1,13,0),(102,4603990002649,'РОССИЯНКА ПОДСОЛНЕЧНОЕ РАФ. МАСЛО 1Л',310,1,13,0),(103,4680005880973,'Масло Кубанская Долина подсол. 0,5л',170,1,13,0),(104,4640001890031,'СОДА ПИЩЕВАЯ 500Г',80,1,13,0),(105,4870001130015,'Соль йодированная АРАЛ ТУЗ 1кг',55,1,13,0),(106,4870006480665,'Перец крас.мол.100г.',260,1,13,0),(107,4870006487572,'Соль Экстра туба 200г.',110,1,13,0),(108,4870003710079,'Лапша Лия гнездо 350гр.',210,1,8,0),(109,4870003710062,'Лия Лапша домашняя350г',210,1,8,0),(110,4870144331720,'Молоко \"МОЛСОЮЗ\" 3.2проц 1л.',150,1,11,0),(111,4870002955303,'Молоко агропродукт зорькин луг 3.2% 1л',220,1,11,0),(112,4870002958144,'Молоко Зорькин луг тп 6% 1л',225,1,11,0),(113,4870206050125,'Кефир Milk project 2.5% 900ml кувшин',170,1,11,0),(114,4870002958120,'Молоко Зорькин Луг 2.5п. 1л',215,1,11,0),(115,4870002951305,'Молоко Зорькин луг 0,9л 2,5проц',165,1,11,0),(116,4870002958168,'Молоко Зорькин луг 0,9л 2,5п',205,1,11,0),(117,4870206050422,'УЛЬТРАПАСТЕРИЗОВАННОЕ ТМ \"САДОВОЕ\" 2,5%, 900 МЛ',160,1,11,0),(118,4870206050163,'Кефир кувшин 0,9л 1проц;',190,1,11,0),(119,4870144004570,'Тан деп кисломолочный продукт 1000гр',150,1,11,0),(120,4870144003191,'Молоко топленое 6% 500мл.',200,1,11,0),(121,4870206050439,'Молоко Садовое 3,2 900мл;',170,1,11,0),(122,4602986010989,'Молоко Сгущенное Омск Деп 8.5/380гр.',270,1,11,0),(123,4870144003689,'Молоко сгущенное 8.5% жб 600г дэп',625,1,11,0),(124,4870144331683,'йогурт клубничный 1,5%',185,1,11,0),(125,4870002955921,'Творог+Сметана / Зорькин Луг 230гр',240,1,11,0),(126,4870144331645,'Сметанный продукт \"Деликатесный\" 350г',240,1,11,0),(127,4870144003702,'Молоко сгущенное варен.с сахаром 8.5 % 600г',630,1,11,0),(128,4870002958694,'Кефир \"Зорькин луг\" 0,9л 3,2проц',210,1,11,0),(129,4870002958670,'Кефир \"Зорькин луг\" 0,9л 2,5проц ф/п',205,1,11,0),(130,4870002958731,'Кефир Зор.луг 3.2пр 0.9л.',265,1,11,0),(131,4870002958717,'Кефир Зор.луг 2.5пр 0.9л',260,1,11,0),(132,4870144330341,'ряженка 4% 0,5л',165,1,11,0),(133,4870144331355,'Кефир \"Народный\" 2,5%  1л',220,1,11,0),(134,4870002955310,'Молоко Зорькин луг 3.2пр',220,1,11,0),(135,4870003212399,'кефир Зорькин луг 2,5%',135,1,11,0),(136,4606103002109,'Продукт творожный \"Винни Пух\" с ванилином 23% 200 г',170,1,11,0),(137,4870002958229,'масло Зорькин луг 180гр 60%',110,1,11,0),(138,4870002958205,'Зорькин луг масло 180гр 60%',100,1,11,0),(139,4606103001836,'Винни-Пух Клюква сырок глазир. 50гр',50,1,11,0),(140,4770149205586,'Red Crocodile with kecup taste, 50 g',135,1,13,0),(141,4770149205609,'Yellow Crocodile with sheese taste, 50 g',135,1,13,0),(142,4770149203353,'Чипсы со вкусом \"mexicana\"',135,1,13,0),(143,4607056660033,'подуш вкусти хрусти250гр',415,1,13,0),(144,4607056660040,'Подушечки Вкусти Хрусти с клубн. начинкой 250гр кор',415,1,13,0),(145,4607056660217,'ВИТАМИНИЗИРОВАННЫЙ \"KROSBY КРОКОДИЛЬЧИКИ КАРАМЕЛЬНЫЕ 200Г\"',415,1,13,0),(146,4877100271670,'росинка артезиан пит вода 1л',85,1,13,0),(147,4877100271632,'Росинка пит вода без газа 1л',85,1,13,0),(148,4870001541965,'Рафинад 750гр',230,1,13,0),(149,4877100271656,'Росинка пит вода без газа 6л',205,1,13,0),(150,4601159072977,'ОВСЯНЫЕ ХЛОПЬЯ КАШКА-МИНУТКА 185Г/16 ЗЕМЛЯНИКА',240,1,13,0),(151,4601159072892,'АШКА МИНУТКА. ОВСЯНЫЕ ХЛОПЬЯ БЫСТРОГО ПРИГОТОВЛЕНИЯ С МАЛИНОЙ. 37',55,1,13,0),(152,4870059000209,'Сухари Панировачные Трапеза200гр',85,1,9,0),(153,4870006486001,'Паниров.сухар.200гр.',85,1,9,0),(154,4607044601130,'Корейская заправка для капусты \"Чим-чим\", 60 г',170,1,9,0),(155,4607044605916,'Кор запр. для спаржи в ассорт.60г',130,1,9,0),(156,4607044605947,'Заправка 60 г КНР для спаржи и фунчозы',170,1,9,0),(157,4870006488340,'Укроп 50г',75,1,9,0),(158,4870006487787,'перец черный горошек 10г',40,1,9,0),(159,4870006485608,'Перец черный ROYAL 100гр.',175,1,9,0),(160,4870144010649,'Имбирь \"Premier\" мол., 15 гр',25,1,9,0),(161,4610000821312,'Аджика \"Cykoria S.A.\", 30г',35,1,9,0),(162,4870006480245,'Приправа для гуляша 30г Royal Food',30,1,9,0),(163,4870006487855,'приправа для блюд из картофеля 25г',30,1,9,0),(164,4870006489057,'лавровый лист 30г',55,1,9,0),(165,4870144010298,'приправа для картофеля 30г',40,1,9,0),(166,4870006489521,'приправа для баранины 25г',30,1,9,0),(167,4870144011219,'приправа для баранины 30г профилак',40,1,9,0),(168,4870144010281,'приправа для птицы 30г',40,1,9,0),(169,4610000820155,'ПЕРЕЦ ЧЕРНЫЙ МОЛОТЫЙ ТМ \"ПРИПРАВЫЧ\", 100Г',290,1,9,0),(170,4610000824474,'ПРИПРАВА ЗАПРАВКА ДЛЯ БОРЩА 60Г ПРИПРАВЫЧ',150,1,9,0),(171,4870006487923,'приправа для моркови по-корейски 25г',30,1,9,0),(172,4610000822838,'КРАХМАЛ КАРТОФЕЛЬНЫЙ 70ГР',70,1,9,0),(173,4610000820582,'ПРИПРАВЫЧ ДЛЯ ЦЫПЛЕНКА ТАБАКА 15 ГР',35,1,9,0),(174,4610000822616,'ПЕРЕЦ КРАС/МОЛ ЖГУЧИЙ 50Г ПРИПРАВЫЧ',55,1,9,0),(175,4870144003221,'Молоко 6% 500мл т/р',190,1,11,0),(176,50173976,'ЖЕВАТЕЛЬНАЯ РЕЗИНКА С АРОМАТОМ МЕНТОЛА \"ORBIT\"',70,1,13,0),(177,50173464,'Orbit Земляничный',70,1,13,0),(178,42113270,'ORBIT СОЧНЫЙ АРБУЗ',70,1,13,0),(179,4607044601123,'КОРЕЙСКАЯ ЗАПРАВКА ДЛЯ МОРКОВИ \"ЧИМ-ЧИМ\", 60 Г',130,1,9,0),(180,4870006485950,'ROYAL Лук Зеленый 10гр',45,1,9,0),(181,4870006485844,'роял чеснок сущеный',25,1,9,0),(182,4870006486179,'Бульон Куриный 100гр',60,1,9,0),(183,4870006486162,'Бульон Говяжий 100г Royal Food',60,1,9,0),(184,4870006487626,'Бульон Грибной 100г Royal Food',60,1,9,0),(185,4870006488005,'приправа к мясному фаршу 25г',30,1,9,0),(186,4870006488036,'приправа чесночная для мясных блюд 25г',30,1,9,0),(187,4870006487848,'приправа для любых блюд 12 овощей 25г',30,1,9,0),(188,4870006480405,'Перец черн молот 50г',90,1,9,0),(189,4870035005990,'Карри с манго 250гр',170,1,9,0),(190,4870035006768,'Лечо соус 250гр',120,1,9,0),(191,4870035002692,'КЕТЧУП КЛАССИЧЕСКИЙ. ПАСТЕРИЗОВАННЫЙ. \"3 ЖЕЛАНИЯ\", 250 Г',100,1,9,0),(192,4870035002715,'КЕТЧУП ЧИЛИ. ПАСТЕРИЗОВАННЫЙ. \"3 ЖЕЛАНИЯ\", 250 Г',100,1,9,0),(193,4870035002678,'Кетчуп 3 желания казахстанский 250г с дозатором',100,1,9,0),(194,4870035006195,'Майонез 3 желания провансаль 67% 210г дозатор',120,1,9,0),(195,4870035004023,'Сырный соус с чесноком 250гр',140,1,9,0),(196,4870035004009,'Соус Чесночный 250гр',140,1,9,0),(197,4870035004061,'Грибной соус 250гр',140,1,9,0),(198,4870035003989,'СОУС ТОМАТНЫЙ. ПАСТЕРИЗОВАННЫЙ, \"3 ЖЕЛАНИЯ\", 250 Г',110,1,9,0),(199,4870035005228,'СОУС ТОМАТНЫЙ С БАЗИЛИКОМ. ПАСТЕРИЗОВАННЫЙ, \"3 ЖЕЛАНИЯ\", 250 Г',110,1,9,0),(200,4870035005242,'Соус Итальян.с шампин.250гр',110,1,9,0),(201,4870035004047,'Соус Шашлычный 250гр',110,1,9,0),(202,4870035006218,'Майонез 3 желания с зеленью 250г',105,1,9,0),(203,4870035006232,'Майонез 3 Желания Завтрак на траве, 210 гр',105,1,9,0),(204,1104,'творог',960,1,11,0),(205,4870206050347,'Сметана 15%\"Садовое\" 200 гр',160,1,11,0),(206,4870206050354,'Сметана20%200гр Садовое',175,1,11,0),(207,4870206050293,'Сметана15%500гр',240,1,11,0),(208,4870144745732,'Сгущ. Буренка пакет 250гр',125,1,11,0),(209,4870144740393,'Сгущ.Буренка 8.5п. 380г',180,1,11,0),(210,4870144740713,'Томатная паста томатный рай жб 320г',135,1,9,0),(211,4870144741635,'сливки Петропавловские10%0.25л',115,1,11,0),(212,4870144741536,'Цельное молоко сгущенное с сахаром 8,5%',110,1,11,0),(213,4870144746272,'Майонез Прован. 500мл',110,1,9,0),(214,4870144746241,'Майонез Классик 500мл',95,1,9,0),(215,4870144746203,'Майонез легкий 25% 250гр',80,1,9,0),(216,4870144746210,'Майонез Легкий 460гр',150,1,9,0),(217,4870144746234,'Майонез Салтанат Классик',95,1,9,0),(218,4870144746265,'Майонез Салтанат Провансаль 250г',110,1,9,0),(219,1308,'сахар',175,1,13,0),(220,4870144890012,'огурцы азиз 2л',410,1,13,0),(221,4811319003417,'туша цыпленка бройлер белорусь',550,1,5,0),(222,1309,'яйца с-1 белые',15,1,13,0),(223,4870144865386,'бульон куриный 100г',90,1,9,0),(224,4610000824344,'Чеснок сушеный Приправыч 60г',150,1,9,0),(225,4870006481303,'Перец красный молотый',65,1,9,0),(226,4870144863733,'Суп лапша домашняя 70г',50,1,9,0),(227,4870144863573,'приправа для макарон и спагетти 25г',50,1,9,0),(228,4610000821077,'Укроп зелень сушеная 7г',35,1,9,0),(229,4610000822432,'Приправа для окорочков 15г',35,1,9,0),(230,4870144860879,'Приправа для картофеля 25г',50,1,9,0),(231,4870144861227,'Перец черный молотый 100г',200,1,9,0),(232,4870144865270,'Приправа для куырдака  20г',50,1,9,0),(233,4610000820681,'Приправа для курицы 15г',50,1,9,0),(234,4610000820872,'Приправа для шашлыка 15г',50,1,9,0),(235,4870006485851,'Тмин семена 15г',30,1,9,0),(236,4870144865270,'Приправа для куырдака 20г',40,1,9,0),(237,4607151060356,'Лавровый лист 20г',45,1,9,0),(238,4610000824146,'Кинза зелень сушеная 7г',35,1,9,0),(239,4870006480320,'Приправа карри 30г',40,1,9,0),(240,4610000822371,'Приправа для плова 15г',50,1,9,0),(241,4870002441479,'Суп АБВГДейка с курицей 65г',50,1,9,0),(242,4870144862378,'Приправа для говядины 25г',50,1,9,0),(243,4610000820919,'Перец черный молотый 10г',60,1,9,0),(244,4870144860886,'0рыбыПриправа для рыбы 20г',40,1,9,0),(245,4610000820919,'Перец черный молотый 10г',60,1,9,0),(246,4610000820926,'Перец черный молотый 25г',130,1,9,0),(247,4870144866277,'30гПриправа для сочных бараньих ребрышек',165,1,9,0),(248,4870144862798,'Приправа для гуляша 25г',50,1,9,0),(249,4870006487893,'Приправа для гриля 25г',30,1,9,0),(250,4870144863573,'Приправа для макарон и спагетти 25г',50,1,9,0),(251,4607151061452,'Приправа золотистая курочка 50г',65,1,9,0),(252,4610000821961,'Универсальная приправа 12 овощей и трав 200г',170,1,9,0),(253,4610000820018,'Смесь болгарских перцев кусочками 50г',180,1,9,0),(254,4870144860299,'Лавровый лист 10г',30,1,9,0),(255,4870144865171,'Приправа для фунчозы 20г',50,1,9,0),(256,4870004340077,'Перец черный молотый 100г',175,1,9,0),(257,4607151061728,'Перец черный молотый 50г',150,1,9,0),(258,4870144860534,'Перец черный молотый 15г',40,1,9,0),(259,4870144863382,'Перец красный молотый 15г',40,1,9,0),(260,4870144864983,'Суп лапша с курицей 70г',50,1,9,0),(261,4870144861210,'Перец черный молотый 50г',40,1,9,0),(262,4870144862828,'Приправа для котлет 20г',40,1,9,0),(263,4870006487985,'Приправа для шурпы 25г',30,1,9,0),(264,4610000822159,'Зира семена кумина 10г',45,1,9,0),(265,4610000821350,'Приправа для блюд из картофеля 15г',50,1,9,0),(266,4870006485813,'Мускатный орех 15г',75,1,9,0),(267,4610000824740,'Маринад к мясу и птице 35г',70,1,9,0),(268,4607151062497,'Лимонная кислота 50г',50,1,9,0),(269,4870006482737,'Приправа для риса и макарон 30г',40,1,9,0),(270,4607151061544,'Приправа для плова 50г',70,1,9,0),(271,4610000820261,'Панировочные сухари для курицы 200г',115,1,9,0),(272,4610000821114,'Приправа для лагмана 15г',35,1,9,0),(273,4870144865959,'Приправа для самсы 20г',40,1,9,0),(274,4870144863795,'Суп гороховый с мясом 70г',50,1,9,0),(275,4607151061605,'Приправа для пельменей 50г',65,1,9,0),(276,4610000822418,'Приправа для пельменей 15г',50,1,9,0),(277,4610000820858,'Приправа для жаркого 15г',50,1,9,0),(278,4610000822531,'Приправа для мантов 15г',35,1,9,0),(279,4870144865973,'Зира семена кумина 15г',50,1,9,0),(280,4607150087309,'магги 75г дары природы',180,1,9,0),(281,4601339002183,'магги зажарка с луком и морковью 60г',160,1,9,0),(282,4820001311860,'магги заправка для борща 250 гр',180,1,0,0),(283,4601339001360,'супер приправа весенняя зелень',180,1,9,0),(284,4601339002480,'магги супер приправа 10 овощей 75 гр',180,1,9,0),(285,4606272009336,'магги универсальная приправа  100 гр',90,1,9,0),(286,4601339002411,'магги бульон с курицей супер золотой 75 гр',135,1,9,0),(287,4601339002879,'магги куриная с сухариками горячая кружка 19 гр',65,1,9,0),(288,4601339002664,'маги гороховая с сухариками горячая кружка 19 гр',65,1,9,0),(289,4607150084834,'маги грибная с сухариками',65,1,9,0),(290,4607150087934,'маги домашняя подлива золотистая 90 гр',180,1,9,0),(291,4607150087958,'маги домашняя подлива нежная 80 г',180,1,9,0),(292,4820048619509,'маги секрет блюда бульон для блюд с мясом 135 г',170,1,9,0),(293,4601339005603,'маги для плова с курицей 24 г',145,1,9,0),(294,4601339005009,'маги бульон с говядиной на косточке 75 г',135,1,9,0),(295,4606272017225,'маги на второе для сочной курицы барбекю 30 г',195,1,9,0),(296,4601339000905,'маги суп куриный с вермишелью 50 г',90,1,9,0),(297,4607150088115,'маги на второе для сочного цыпленка табака 47 г',195,1,9,0),(298,4601339001087,'маги суп звездочки 54 г',90,1,9,0),(299,4607150088030,'маги для сочного жаркого из мяса с картофелем 34 г',190,1,9,0),(300,4606272026494,'маги для сочного мяса с чесноком и луком по-домашнему 26 г',190,1,9,0),(301,4601339001704,'маги на второе для бефстроганов 22 г',145,1,9,0),(302,4607150089891,'маги суп гороховый 49 г',90,1,9,0),(303,4607150087309,'маги дары природы  75 г',180,1,9,0),(304,4601339002183,'маги  зажарка с луком и морковью 60 г',160,1,9,0),(305,4601339000769,'маги для макарон в томатно- мясном соусе болонез 30г',145,1,9,0),(306,4607150088221,'маги для куриных крылышек  барбекю 24 г',190,1,9,0),(307,4820001311860,'маги заправка для борща 250 г',180,1,9,0),(308,4606272034130,'маги для хрустяших наггетсов с соусом тартар 63 г',190,1,9,0),(309,4820001313383,'маги заправка для супов 210 г',180,1,9,0),(310,4606272034154,'маги для мясных эжиков с рисом и морковью  37 г',190,1,9,0),(311,4601339004989,'маги бульон с курицей в порошке домашний вкус - выгодная цена 100 г',90,1,9,0),(312,4606272031696,'маги бульон сговядиной на косточка  домашний вкус- выгодная цена 90 г',135,1,9,0),(313,4870006613780,'цесна жайма 250г',130,1,8,0),(314,4870006610376,'ЦЕСНА макаронные изделия 400г.',115,1,8,0),(315,4870001401504,'ЦЕСНА мука пшеничная высший сорт 1кг.',180,1,8,0),(316,4870001400019,'ЦЕСНА мука пшеничная 2кг.',350,1,8,0),(317,4870202510012,'ЦеснаЖайма',130,1,8,0),(318,4870202510050,'Машам250г',110,1,8,0),(319,4870202510043,'Машам-Жайма250г',170,1,8,0),(320,4870005460125,'Жайма-АлтынДан-400г4870005460125',140,1,8,0),(321,4870002110016,'Салангани-300г',240,1,8,0),(322,4870005460910,'Рожки-АлтынДан400г',80,1,8,0),(323,4870057006593,'Лапша-Классическая-500г',260,1,8,0),(324,4870057006579,'Лапша-Сочни-500г',255,1,8,0),(325,4870007083605,'Тамерлан-пшеничная-мука-2кг4870007083605',290,1,13,0),(326,4870007083605,'Тамерлан-пшеничная-мука',290,1,8,0),(327,4870005460064,'Мука-Алтын-Дан-2кг',280,1,8,0),(328,4607083550482,'Олейна-подсолнечное-масло-1л',310,1,13,0),(329,4680005880478,'Кубанская-долина-подсолнечное-масло-0.87л',285,1,13,0),(330,4607015791105,'Корона-изобилия-подсолнечное-масло-0.5л',160,1,13,0),(331,4602248003674,'Овсяные-хлопья-мелкие-300г',235,1,13,0),(332,4870201460011,'Соль-йодированная-1000г',60,1,13,0),(333,4605864050039,'Кетчуп-шашлычный-750г',190,1,13,0),(334,8690133006967,'Pomace-Оливковое-Масло-500мл',960,1,13,0),(335,4870001546281,'Naturella-Оливковое-масло-250мл',495,1,13,0),(336,6931255720761,'Река-Или-Томатная-паста-850г',300,1,13,0),(337,6931255720747,'Река-Или-Томатная-паста-400г',175,1,13,0),(338,6931255720754,'Река-Или-Томатная-паста-198г',85,1,13,0),(339,4870001080037,'Цин-Каз-Томатная-паста-400г',265,1,13,0),(340,4870001080907,'Цин-Каз-томатная-паста-198г',135,1,13,0),(341,6931255737622,'Сладкая-кукуруза-425мл',150,1,13,0),(342,3083680002875,'Bonduelle-кукуруза-сладкая-340г',285,1,13,0),(343,3083680538404,'Bonduelle-Зеленый-горошек-Нежный-200г',215,1,13,0),(344,4870001545390,'Naturella-Зеленый-горошек-400г',130,1,13,0),(345,4870001546076,'Olive-Черные-без-косточки-90г',180,1,13,0),(346,4870003710048,'Лия-лапша-яичная-350г',200,1,13,0),(347,4870003710123,'Лия-лапша-яичная-Лагманная-300г',210,1,13,0),(348,4605496001317,'Роллтон-лапша-яичная-классическая-400г',245,1,13,0),(349,4602481009563,'Царь-Хлопья-гречневые-250г',225,1,13,0),(350,4870203910132,'Айдони-Пшеничная-крупа-800г',140,1,13,0),(351,4603134003266,'Царь-крупа-Овсяная-600г',215,1,13,0),(352,4870209240110,'Керуен-Фасоль-800г',400,1,13,0),(353,4870209240059,'Керуен-Крупа-перловая-800г',110,1,13,0),(354,4870209560362,'хлопья-Гречневые-400г',160,1,13,0),(355,4870209560379,'крупа-пшеничная-Полтавская-700г',120,1,13,0),(356,4870209560034,'Рис-Круглозерный-шлифованный-800г',290,1,13,0),(357,4870212520032,'Рахат-Ассорти-№2-2л',430,1,13,0),(358,4870207860044,'Aят-Ассорти-№2-2л',475,1,13,0),(359,4870006631074,'Фиркан-Огурцы-2л',430,1,13,0),(360,4870210870399,'Marinelle-Огурцы-маринованные-1000мл',325,1,13,0),(361,5997964702376,'Компот-вишневый-без-косточек-680г',360,1,13,0),(362,4870003431684,'Айналайын-Молоко-6%',325,1,11,0),(363,4870003211583,'Мумуня-Молоко-2.5%',245,1,11,0),(364,4870006180909,'Айналайын-Молоко-8.6%-320г',180,1,11,0),(365,4810108007438,'Глубокое-Сгущенное-молоко-380г',230,1,11,0),(366,4607161627518,'Молоко-Шадринское-300г',180,1,11,0),(367,4870144574028,'Милоко-молочный-напиток-6%',275,1,11,0),(368,4870002955952,'Одари-Молоко-10%-0.5л',235,1,11,0),(369,4870202010352,'Одари-Молоко-3.2%-0.5л',120,1,11,0),(370,4870003211705,'Одари-сливки-Молоко-20%-0.330л',205,1,11,0),(371,4870202010192,'Одари-Молоко-Гост-2.5%-1л',255,1,11,0),(372,4870202010208,'Одари-Молоко-Гост-3.2%-1л',205,1,11,0),(373,4870002955280,'Одари-Молоко-Богато-3.2%-1л',235,1,11,0),(374,4870002955297,'Одари-Молоко-Богато-6%-1л',270,1,11,0),(375,4870002955273,'Одари-Молоко-Богато-2.5%-1л',255,1,11,0),(376,4870206050439,'Садовое-Молоко-3.2%-900мл',170,1,11,0),(377,4870206050606,'Казакстан-Барысы-Молоко-3.2%-900мл',175,1,11,0),(378,4870206050125,'Садовое-Кефир-2.5%-900г',170,1,11,0),(379,4870003212481,'Свежий-Кефир-пастеризованный-2.5%-750г',130,1,11,0),(380,4699301485058,'Одари-Молоко-Ультрапастеризованное-3.2%-0.9л',125,1,11,0),(381,4820012131488,'Одари-Молоко-Ультрапастеризованное-2.5%-900г',120,1,11,0),(382,4870002951350,'Зорькин-Луг-Молоко-3.5%-0.450л',120,1,11,0),(383,4870202510067,'Машам-лапша-лагманная-250г',110,1,8,0),(384,4870209560232,'Крупы-востока-хлопья-овсяные-400г',120,1,13,0),(385,4870209560300,'Крупы-востока-крупа-кукурузная-400г',200,1,13,0),(386,4870209560218,'Крупы-востока-крупа-перловая-800г',145,1,13,0),(387,4870209560201,'Крупы-Востока-горох-молотый-800г',165,1,13,0),(388,4870209560225,'Крупы-Востока-крупа-манная-700г',165,1,13,0),(389,4870209560270,'Крупы-Востока-пшено-шлифованное-800г',160,1,13,0),(390,4870004340558,'ASYL-перец-черный-молотый-50г',90,1,13,0),(391,46047045,'Магги-бульонные-кубики-бульон-с-курицей10г',20,1,13,0),(392,20,'Магги-бульонные-кубики-бульон-с-говядиной10г',1,1,13,0),(393,84103093,'Gallina-Blanca-Грибной-бульон10г',20,1,13,0),(394,4601339004699,'Магги-бульонные-кубики-бульон-с-говядиной-80г',90,1,13,0),(395,4601339003180,'Магги-бульонные-кубики-бульон-с-курицей-80г',90,1,13,0),(396,8887290101004,'MacCoffee-3в1-20г',30,1,13,0),(397,8934804024738,'Магги-Соевый-соус-300мл',235,1,13,0),(398,4870002958854,'Зорькин-Луг-Сметанный-300гр',285,1,11,0),(399,4870002957840,'Одари-Сметана-15%',180,1,11,0),(400,4870206050255,'Сметана-30%-200г',180,1,11,0),(401,4870002954740,'Одари-Творог-5%-',360,1,11,0),(402,4870206050378,'Масло-Садовое-Сливочное-крестьянское-100%-200гр',255,1,11,0),(403,4870002958267,'Масло-Мумуня-82.5%-180г',160,1,11,0),(404,4870002958243,'Масло-Мумуня-72.5%-180г',150,1,11,0),(405,4870052001937,'Рудненский-ТАН-0.5%-1000г',220,1,11,0),(406,4870206050224,'Йогурт-Садовое-2.5%-500г',170,1,11,0),(407,4870144331744,'Кефир-100%-натуральный-1л',150,1,11,0),(408,4870002952289,'Мумуня-Био-йогурт-1.5%-450г',190,1,11,0),(409,4870002951510,'Мумуня-Био-йогурт-Абрикос-1.5%-450г',195,1,11,0),(410,4870002951534,'Мумуня-Био-йогурт-Малина1.5%-450г',200,1,11,0),(411,4870002951541,'Мумуня-Био-йогурт-Вишня1.5%-450г',195,1,11,0),(412,4870002959271,'Айран-Соленый-',100,1,11,0),(413,4870002954115,'АБВГДейка-Творожок-лесная-ягода-8%100г',165,1,11,0),(414,4870002953552,'АБВГДейка-Творожок-8%',100,1,11,0),(415,4607039519945,'варенье-Малина-300гр',335,1,13,0),(416,4607039519969,'варенье-Вишня-300гр',315,1,13,0),(417,4607039510751,'Джем-Малина-0.3кг',210,1,13,0),(418,4607039519693,'ягода-протертая-с-сахаром-Черника-280г',200,1,13,0),(419,4607039512755,'ягода-протертая-с-сахаром-Малина-280г-',200,1,13,0),(420,4607039510805,'ягода-протертая-с-сахаром-Облепиха-280г',200,1,13,0),(421,4607039519716,'ягода-протертая-с-сахаром-Клюква-280г',200,1,13,0),(422,4607039519709,'ягода-протертая-с-саъхаром-Брусника-280г',200,1,13,0),(423,4870001543822,'Сахар-белый-прессованный-Рафинад-быстрорастворимый-300г',100,1,13,0),(424,4607045853972,'Сок-Гранатовый-1л',350,1,13,0),(425,4607039510614,'Повидло-яблочное-0.61кг',250,1,13,0),(426,4607039511437,'Повидло-Вишневое-0.61кг',250,1,13,0),(427,4607039510638,'Повидло-Абрикосовое-0.61кг',250,1,13,0),(428,4607039510713,'Повидло-Сливовое-0.61кг',250,1,13,0),(429,4607039510607,'Повидло-Земляничное-0.61кг',250,1,13,0),(430,4607039510690,'Повидло-Персиковое-0.61кг',250,1,13,0),(431,4870002900112,'Ассам-Чай-классический-50-пакетиков-100г',340,1,13,0),(432,4870001591069,'Жамбо-Кенийский-чай-черный-байховый-25-пакетиков-50г',200,1,13,0),(433,4870001620318,'Слон-Индийский-чай-250гр',300,1,13,0),(434,4870001620028,'долина-Нанди-Кенийский-чай-гранулированный-250г',480,1,13,0),(435,4870001590987,'Жамбо-Кенийский-чай-250г',480,1,13,0),(436,4870001620479,'Ассам-Акман-Индийский-гранулированный-черный-чай-250гр',420,1,13,0),(437,4870057002427,'Алтын-Кесе-Кенийский-чай-250г',460,1,13,0),(438,4607065580216,'Доширак-Лапша-быстрого-приготовления',120,1,13,0),(439,4605496007258,'BiG-BON-лапша-быстрого-приготовления-75г',55,1,13,0),(440,4607065580087,'Доширак-Квисти-лапша-быстрого-приготовления-70г',45,1,13,0),(441,4605496001584,'Роллтон-вермишель-быстрого-приготовления-60г',40,1,13,0),(442,4870212940212,'Frut-Tea-черный-чай-с-ароматом-ягод-1.0л',150,1,13,0),(443,4870071002113,'Holiday-лимонад-газированный-1л',135,1,13,0),(444,4870001570071,'Pepci-1л',150,1,13,0),(445,54491472,'Coca-Cola-0.5л',110,1,13,0),(446,4870035006706,'Майонез-3-желания-провансаль-190г',120,1,13,0),(447,4870035004610,'Майонез-3-желания-провансаль-860г',380,1,13,0),(448,4870035007451,'Майонез-3-желания-мягкий-380г',240,1,13,0),(449,4870144471723,'Libella-персик-0.5л',100,1,13,0),(450,4870001545376,'Naturella-сладкая-кукуруза-в-зернах340г',160,1,13,0),(451,4870144331706,'Творог-9200г-ТОО-Молочный-союз',240,1,11,0),(452,4870144331706,'Творог-9%-200г-ТОО-молочный-союз',240,1,11,0),(453,3010,'мясо баранина',1300,1,3,0),(454,209,'мясо_конина',1800,1,2,0),(455,2010,'круговая-1',1800,1,2,0),(456,2011,'круговая-2',1500,1,2,0),(457,4610000822890,'кориандр_молотый_15гр',25,1,9,0),(458,4610000821091,'чеснок_суш._10гр.',30,1,9,0),(459,4610000824764,'приправа_маринад_пряный_35гр',70,1,9,0),(460,4610000823422,'ванильный_сахар_25г',30,1,9,0),(461,4610000821008,'перец_красный_молотый_10г',20,1,9,0),(462,4610000822791,'кунжут_15г',45,1,9,0),(463,4610000823491,'дрожжи_проксима_10гр',30,1,9,0),(464,4610000821558,'суп_солянка_60гр',80,1,9,0),(465,4610000822135,'приправа_карри_15гр',35,1,9,0),(466,4610000822654,'мак_40гр',105,1,9,0),(467,4610000823613,'какао_порошок_40гр',95,1,9,0),(468,4610000823163,'кисель_ежевика_110гр',70,1,9,0),(469,4610000827062,'корица_10гр',25,1,9,0),(470,4610000821213,'суп_рассольник_60гр',65,1,9,0),(471,4610000820308,'лимонная_кислота_10гр',20,1,9,0),(472,4610000822197,'приправа_для_холодца_15гр',35,1,9,0),(473,4610000821473,'приправа_для_засолки_капусты_15гр',35,1,9,0),(474,4610000821572,'суп_харчо_70гр',75,1,9,0),(475,4610000824320,'суп_звездочка_60гр',65,1,9,0),(476,4610000821336,'приправа_для_баранины_15гр',30,1,9,0),(477,4610000824337,'суп_азбука_60гр',60,1,9,0),(478,4610000822944,'гвоздика_10гр',85,1,9,0),(479,4610000821497,'приправа_для_корейской_моркови_15гр',35,1,9,0),(480,4610000821619,'суп_борщ_60гр',85,1,9,0),(481,4610000821985,'приправа_хмели-сунели_15гр',35,1,9,0),(482,4610000820032,'приправа_универсальная_100блюд',170,1,9,0),(483,4610000820179,'кисель_вишневый_110гр',70,1,9,0),(484,4610000823149,'кисель_клюква_110гр',70,1,9,0),(485,4610000821947,'приправа_12овощей_75гр',70,1,9,0),(486,4610000823446,'ванилин_1гр',20,1,9,0),(487,4610000820605,'паприка_10гр',30,1,9,0),(488,4610000822715,'лавровый_лист_10гр',40,1,9,0),(489,4610000820131,'приправа_заправка_для_супа_60гр',160,1,9,0),(490,4610000823347,'имбирь_10гр',35,1,9,0),(491,4610000821510,'суп_вермишелевый_с_мсом_60гр',65,1,9,0),(492,4610000823385,'бульон_куринный_75гр',80,1,9,0),(493,4610000823408,'бульон_мясной_75гр',80,1,9,0),(494,4610000823361,'бульон_грибной_75гр',80,1,9,0),(495,4610000820230,'кисель_клубничный_110гр',80,1,9,0),(496,4610000820209,'кисель_земляничный_110гр',80,1,9,0),(497,4610000824757,'маринад_классический_35гр',80,1,9,0),(498,4870202010253,'молоко_одари_6%_1л',270,1,11,0),(499,4607039510324,'Джем-САВА-клубника-0.3г',210,1,13,0),(500,4607039510195,'Джем-САВА-абрикос-0.3г',200,1,13,0),(501,4607039510751,'Джем-САВА-малина-0.3г',210,1,13,0),(502,4607039510225,'Джем-САВА-вишня-0.3г',200,1,13,0),(503,4607039519952,'Варенье-Клубничное-300г',335,1,13,0),(504,4607039515541,'Повидло-САВА-Земляничное-870г',410,1,13,0),(505,4870205770017,'Огурцы-консервированные-2л',360,1,13,0),(506,4870202010154,'Молоко-Мумуня-ПЭТ-бутылка-2,5%0,950л',180,1,11,0),(507,4870202010161,'Молоко-Мумуня-ПЭТ-бутылка-3,2%0,95л',200,1,11,0),(508,4870002951527,'Био-йогурт-Мумуня-клубника-1,5%0,45г',195,1,11,0),(509,4870002957468,'Концентрированный-молокосодержащий-продукт-\"Одари\"-ультрапастеризованное-0,5т\\б-СЛИМ-7,7%',220,1,11,0),(510,4607066334603,'ПЕРЕЦ-черный_молотый_10г',30,1,9,0),(511,4870002955976,'Одари-ТБА-Слим-0,5л20питьев_сливки-',250,1,11,0),(512,2000000001098,'Лапша-кукси-400г',290,1,8,0),(513,2000000001081,'Дунганский_лагман-500г',285,1,8,0),(514,4605496006138,'Роллтон-бульон-куриный-100г',100,1,9,0),(515,4605496016632,'Роллтон-бульон-говяжи100г',100,1,9,0),(516,4870004340855,'Черный-душистый-горошек-40г',180,1,9,0),(517,4607035192784,'Черный-горошек-перец-15г',95,1,9,0),(518,4630007400358,'Джинн-70г',120,1,9,0),(519,4607120232173,'Хлопья-пшенные-\"Экстра2-Гудвилл-400г',135,1,13,0),(520,4607120231985,'Пшеничная-крупа-Гудвилл-400г',135,1,13,0),(521,4607120230643,'Ячменная-крупа-перловая-Гудвилл-400г',100,1,13,0),(522,4606272010264,'Каша-5-злаков-без-варки-МЕД-и-ОРЕХИ-240г',580,1,13,0),(523,4606272010462,'Овсяная-каша-без-варки-Малина-с-молоком-240г',580,1,13,0),(524,4602248003704,'Гречневые-хлопья-350г',310,1,13,0),(525,4627091370124,'Сметана-жирность-20%-350г\"Лухайкино\"',205,1,11,0),(526,4870206050569,'Сметана-Premium-жирность-20%\"САДОВОЕ\"350г',190,1,11,0),(527,4870002958847,'Зоркин-Луг-Сметанный-300гр',240,1,11,0),(528,4870002959271,'Айран-соленый-300гр',100,1,11,0),(529,4870002951305,'Зоркин-Луг-Молоко-2.5%-0.9л',165,1,11,0),(530,4870002958717,'Зоркин-Луг-Кефирный-2.5%-0.9л',260,1,11,0),(531,4870035005792,'Майонез-желания-провансаль-860г',360,1,11,0),(532,3083680048774,'Бондюэль-горошек-425г',300,1,11,0),(533,4607035191800,'Приправа-\"ГРЕЧЕСКАЯ\"для-салатов-15г',40,1,9,0),(534,4607035191565,'Приправа-\"ЦЕЭАРЬ\"-для-салатов-15г',50,1,9,0),(535,4607035193163,'МВ-перец-черный-горошек-40г',190,1,9,0),(536,4607035193170,'МВ-перец-черный-молотый-50г',280,1,9,0),(537,4607035192876,'МСуп-Гороховый-с-копченостями-55г',50,1,9,0),(538,4607035193552,'МВ-Суп-рассольник-55г',50,1,9,0),(539,4607035192920,'МВ-Суп-куриный-с-макаронами-55г',50,1,9,0),(540,4607071970063,'чай мк классик 100 гр',160,1,13,0),(541,4607071970049,'чай суприме 100гр',210,1,13,0),(542,4607071970179,'чай мк 25 пакетиков суприме',170,1,13,0),(543,4607071970056,'чай мк суприме 250 гр',400,1,13,0),(544,4607071970377,'чай индийский голден ассам листовой',420,1,13,0),(545,4870212940014,'летс гоу энерджи 0,5л',180,1,13,0),(546,4870144474700,'Либелла вишня б/г 0,5л',110,1,13,0),(547,4870144473185,'напиток натура б/г 0,5л',110,1,13,0),(548,4870144475127,'либелла тофик 0,5л',110,1,13,0),(549,4870144471891,'русский квас купеческий 0,5л',90,1,13,0),(550,4870144474120,'либелла яблоко 0,5л',110,1,13,0),(551,4870144475189,'квас дворянский 1,5л',235,1,13,0),(552,4870144474809,'libella mojito 1,5л',160,1,13,0),(553,4870144474168,'советский лимонад 1л',130,1,13,0),(554,4870144473420,'экстрим кола 1л',125,1,13,0),(555,4870212940199,'лимонад дюшес 1л',150,1,13,0),(556,4870085000891,'лимонад буратино 1л',150,1,13,0),(557,4870003211187,'колибри зеленое яблоко 1л',160,1,13,0),(558,4870003211200,'колибри красное яблоко 1л',160,1,13,0),(559,4870003211248,'колибри тропик 1л',160,1,13,0),(560,4870003211286,'колибри персик 1л',160,1,13,0),(561,4870003211309,'колибри вишня 1л',160,1,13,0),(562,4870003211224,'колибри апельсин 1л',160,1,13,0),(563,4870005460583,'макароны алтын дан вермиш 5кг',825,1,8,0),(564,4870005461023,'рошки 9',825,1,8,0),(565,4870005460637,'макароны алтын дан рожки 5кг',825,1,8,0),(566,4870071000195,'тассай б/г 0,5л',80,1,13,0),(567,4603786001450,'масло сливочное \"воронежросагро\" 500г',320,1,13,0),(568,4870002952661,'бумер творожок изюм 150г',135,1,11,0),(569,4870002959189,'сырная сливочная калифорния 180г',205,1,11,0),(570,4870002952678,'творожок бумер ваниль 150г',135,1,11,0),(571,4870002950308,'сырок глазир кокос 40г',65,1,11,0),(572,4870002953927,'сырок глазир клубника 40г',65,1,11,0),(573,4870003211989,'йогурт одари клубнич. 100г',65,1,11,0),(574,4870003212023,'йогурт одари персик 100г',65,1,11,0),(575,4870003212085,'йогурт одари вишня 180г',100,1,11,0),(576,4870003212061,'йогурт одари клубника 180г',100,1,11,0),(577,4870003212108,'йогурт одари персик 180г',100,1,11,0),(578,4870002952159,'кефирный продукт 900г 3,2%',240,1,11,0),(579,4870003212504,'мумуня кефирный продукт 900г 2,5%',220,1,11,0),(580,4870003211729,'одари концентрирован 7,7% 330г',165,1,11,0),(581,4870003211682,'сливки одари 10% 330г',190,1,11,0),(582,4604248002718,'майонез махеев салатный 210г',220,1,13,0),(583,4604248000844,'майонез оливковый 380г 68%',210,1,13,0),(584,4604248002404,'майонез махеев провансаль с лимонным соком 250мл',210,1,13,0),(585,4604248000349,'майонез провансаль высококалор 500мл',210,1,13,0),(586,4604248002695,'майонез махеев салатный 210г',160,1,13,0),(587,4604248002701,'майонез салатный 390г',160,1,13,0),(588,4604248003081,'майонез махеев с перепел яйцом 500мл',210,1,13,0),(589,4604248000332,'майонез махеев провансаль 190г',110,1,13,0),(590,4604248004644,'майонез махеев оливковый 800мл',210,1,13,0),(591,4604248000851,'майонез махеев провансаль лимон 400г',210,1,13,0),(592,4604248003067,'кетчуп махеев лечо 500г',220,1,13,0),(593,4870035003507,'кетчуп 3 желания шашлычный 500г',240,1,13,0),(594,4870035003583,'кетчуп 3 желания классический 500г',220,1,13,0),(595,4604248007096,'хрен столовый туба 140г',110,1,13,0),(596,4604248003784,'хрен столовый махеев 140г',125,1,13,0),(597,4607065604936,'плавл колбасный сыр 400г',190,1,13,0),(598,4870001220365,'кэмми лапша беспармачная 350г',195,1,8,0),(599,4870007084664,'лапша тамерлан гнездовая',150,1,8,0),(600,4870005050425,'злак+лазаньи 500г',320,1,8,0),(601,4605991000129,'уксусная кислота пищевая 70% 180г',80,1,13,0),(602,4607080610585,'сахарная кукуруза овощ сказка 310г',170,1,13,0),(603,6923637500054,'спаржа',315,1,13,0),(604,4870206240052,'перловка наурыз 800г',130,1,13,0),(605,4870206240014,'горох наурыз 800г',165,1,13,0),(606,4870206240038,'манка',160,1,13,0),(607,4870007080406,'макароны байрон 400г',110,1,8,0),(608,6949069400014,'вермишель из крахмала и боб муки 245г',180,1,8,0),(609,4870201190260,'азамат салат остр закуска',320,1,13,0),(610,4870201190215,'азамат сацыбели 0,7л',320,1,13,0),(611,4870201190024,'огурцы консерв 1л азамат',320,1,13,0),(612,4870208680016,'мука экспортная 2кг',290,1,8,0),(613,4870003260598,'масло растит маслозавод 1л',315,1,13,0),(614,4610007350075,'соль повар пищ 1кг',60,1,13,0),(615,4870006489279,'краска для яиц ройал 5 цветов',45,1,13,0),(616,4610000823545,'желе приправыч вишня 100г',100,1,9,0),(617,4610000823552,'желе приправыч клубнич 100г',100,1,9,0),(618,8690770322260,'дрожжи сухие пакмайа 80г',100,1,9,0),(619,4607035192869,'кисель магия вкуса малина черная 200г',100,1,9,0),(620,4607035192685,'кисель магия вкуса брусника 200г',100,1,9,0),(621,4607035192708,'кисель магия вкуса персик 200г',100,1,9,0),(622,4610000823538,'желе приправыч абрикосовое 100г',100,1,9,0),(623,4870006489286,'конфети рояль 15г',35,1,9,0),(624,4870144866383,'перец черн 150 г омега',260,1,9,0),(625,4870144865379,'омега бульон мясной 100г',90,1,9,0),(626,4870144865447,'омега суп алфавит 60г',50,1,9,0),(627,4870002440359,'специя',50,1,9,0),(628,4870006480788,'супы 65г в ассортименте',65,1,9,0),(629,4610000825174,'приправыч лавровый лист 10г',40,1,9,0),(630,4610000823750,'лавр лист приправыч 20г',70,1,9,0),(631,4610000820070,'приправыч смесь лука и моркови 60г',115,1,9,0),(632,4610000824641,'смесь 5перцев приправыч 60г',355,1,9,0),(633,4610000820056,'приправыч букет весен зелени 60г',170,1,9,0),(634,4870144865829,'приправа 12 овощей 170г',170,1,9,0),(635,4610000825143,'приправыч смесь пряностей для жаркое 30г',110,1,9,0),(636,4610000821411,'приправа для говядины 15г',30,1,9,0),(637,4610000821459,'приправа для гуляша 15г',35,1,9,0),(638,4870144862712,'приправа для пельменей',50,1,9,0),(639,4610000822470,'приправа для мясного фарша 15г',50,1,9,0),(640,4610000822357,'приправа для риса и макарон',30,1,9,0),(641,4610000822258,'приправа для сол огурцов',55,1,9,0),(642,4610000822234,'приправа для марин помидоров',55,1,9,0),(643,4610000821909,'сахарная пудра 50г',40,1,9,0),(644,4610000821398,'приправа для борща 15г',35,1,9,0),(645,4610000826973,'приправа ванильный сахар',30,1,9,0),(646,4870006485738,'кокосовая стружка 50г',85,1,9,0),(647,4610000820285,'сухари панир 200г',115,1,9,0),(648,4610000821923,'разрыхлитель теста 10г',20,1,9,0),(649,4607035191381,'специи для теста разрыхлитель',20,1,9,0),(650,4870006487152,'куркума молотая 15г',30,1,9,0),(651,4607035193149,'перец красный молотый 50г',20,1,9,0),(652,6901377950582,'приправа лотос 50г',70,1,9,0),(653,4610000820629,'сельдерей зелень сушеная 7г',30,1,9,0),(654,4607151062572,'горчичный порошок',70,1,9,0),(655,4610000824863,'универсальная приправа 200г',175,1,9,0),(656,4870144866413,'приправа для плова омега 170г',170,1,9,0),(657,4601339004842,'смесь сухая для курицы',195,1,9,0),(658,4607150088078,'смесь сухая для барбекю 30г',205,1,9,0),(659,4606272029822,'магги для нежной курицы',195,1,9,0),(660,4606272029846,'магги для нежной курицы с чесн 30г',195,1,9,0),(661,4601339004828,'магги сочная курица с травами 30г',195,1,9,0),(662,4601339004866,'магги для курицы паприка 34 г',195,1,9,0),(663,4606272020010,'магги маринад сухой для мягк мяса',195,1,9,0),(664,4607150088016,'магги для сочного жаркое 31г',195,1,9,0),(665,4820048619486,'магги для блюд с курицей 135г',180,1,9,0),(666,4607150087972,'магги для мясного подлива 90г',180,1,9,0),(667,4601339002626,'магги для котлет 54 г',145,1,9,0),(668,4607044602380,'корейская заправка для огурцов 60г',130,1,9,0),(669,46046987,'бульон магги говядина 10г',20,1,9,0),(670,46061959,'бульон магги говяд на косточке 10г',20,1,9,0),(671,1234567890,'асату',520,1,0,200),(672,987654321,'асату2',500,2,0,300),(673,777999,'асату3',1000,5,0,400),(674,11,'test',2139,22,0,232323),(675,12,'101',101,1,0,101);
/*!40000 ALTER TABLE `meat_types` ENABLE KEYS */;
UNLOCK TABLES;

--
-- Table structure for table `purchase`
--

DROP TABLE IF EXISTS `purchase`;
/*!40101 SET @saved_cs_client     = @@character_set_client */;
/*!40101 SET character_set_client = utf8 */;
CREATE TABLE `purchase` (
  `id` int(11) NOT NULL AUTO_INCREMENT,
  `date` datetime DEFAULT NULL,
  `paidAmount` double NOT NULL,
  `receiver` varchar(255) DEFAULT NULL,
  `totalAmount` double NOT NULL,
  `supplier_id` int(11) DEFAULT NULL,
  PRIMARY KEY (`id`),
  KEY `FK_18es07adghu8qbnyatbkna1ib` (`supplier_id`),
  CONSTRAINT `supplier_id` FOREIGN KEY (`supplier_id`) REFERENCES `supplier` (`id`) ON DELETE NO ACTION ON UPDATE NO ACTION
) ENGINE=InnoDB AUTO_INCREMENT=46 DEFAULT CHARSET=utf8;
/*!40101 SET character_set_client = @saved_cs_client */;

--
-- Dumping data for table `purchase`
--

LOCK TABLES `purchase` WRITE;
/*!40000 ALTER TABLE `purchase` DISABLE KEYS */;
INSERT INTO `purchase` VALUES (1,'2015-09-12 16:12:53',0,'admin',2500,NULL),(2,'2015-09-12 16:13:02',0,'admin',5000,NULL),(3,'2015-09-12 16:13:15',0,'admin',25000,NULL),(4,'2015-09-12 16:18:12',0,'admin',25000,NULL),(5,'2015-09-12 16:20:14',0,'admin',50000,NULL),(6,'2015-09-12 16:33:55',0,'admin',2500,NULL),(7,'2015-09-12 23:00:24',0,'admin',25000,NULL),(8,'2015-09-12 23:29:46',0,'admin',25000,NULL),(9,'2015-09-12 23:35:10',0,'admin',2500,NULL),(10,'2015-09-12 23:35:15',0,'admin',12500,NULL),(11,'2015-09-12 23:37:01',0,'admin',12500,NULL),(12,'2015-09-12 23:38:52',0,'admin',5000,NULL),(13,'2015-09-13 16:39:39',0,'admin',2500,NULL),(14,NULL,0,'admin',2500,NULL),(15,'2015-09-13 19:01:50',0,'admin',2500,NULL),(16,'2015-09-13 19:02:11',0,'admin',2500,NULL),(17,'2015-09-13 19:02:21',0,'admin',2500,NULL),(18,NULL,0,'admin',2500,NULL),(19,NULL,0,'admin',5000,NULL),(20,NULL,0,'admin',2500,1),(21,'2015-09-13 19:30:29',0,'admin',0,1),(22,NULL,0,'admin',2500,1),(23,'2015-09-13 19:36:09',0,'admin',2500,1),(24,'2015-09-13 19:36:26',0,'admin',2500,1),(25,'2015-09-13 19:36:49',0,'admin',0,1),(26,'2015-09-13 19:36:52',0,'admin',2500,1),(27,'2015-09-13 19:38:44',0,'admin',0,1),(28,'2015-09-13 19:39:32',0,'admin',2500,1),(29,'2015-09-13 19:40:04',0,'admin',2500,1),(30,'2015-09-13 19:40:50',0,'admin',2500,1),(31,'2015-09-13 19:41:38',0,'admin',2500,1),(32,'2015-09-13 19:41:47',0,'admin',2500,1),(33,'2015-09-13 19:42:00',0,'admin',2500,1),(34,'2015-09-13 19:42:15',0,'admin',2500,1),(35,'2015-09-13 19:42:29',0,'admin',2500,1),(36,'2015-09-13 19:42:47',0,'admin',2500,1),(37,'2015-09-13 19:44:13',0,'admin',2500,1),(38,'2015-09-13 19:44:52',0,'admin',2500,1),(39,'2015-09-13 19:58:12',0,'admin',2500,1),(40,'2015-09-13 19:58:24',0,'admin',7500,1),(41,'2015-09-13 19:59:07',0,'admin',2500,1),(42,'2015-09-13 20:00:00',0,'admin',10000,1),(43,'2015-09-13 20:00:35',0,'admin',10000,1),(44,'2015-09-13 20:31:41',0,'admin',10000,1),(45,'2015-09-13 20:33:29',0,'admin',10000,1);
/*!40000 ALTER TABLE `purchase` ENABLE KEYS */;
UNLOCK TABLES;

--
-- Table structure for table `receiver`
--

DROP TABLE IF EXISTS `receiver`;
/*!40101 SET @saved_cs_client     = @@character_set_client */;
/*!40101 SET character_set_client = utf8 */;
CREATE TABLE `receiver` (
  `company_name` varchar(255) NOT NULL,
  `id` int(11) NOT NULL,
  `reward` double DEFAULT NULL,
  PRIMARY KEY (`company_name`),
  UNIQUE KEY `UK_odiw0i81dvoyn7t08p3ysw1fi` (`id`)
) ENGINE=InnoDB DEFAULT CHARSET=utf8;
/*!40101 SET character_set_client = @saved_cs_client */;

--
-- Dumping data for table `receiver`
--

LOCK TABLES `receiver` WRITE;
/*!40000 ALTER TABLE `receiver` DISABLE KEYS */;
INSERT INTO `receiver` VALUES ('прочие',0,0);
/*!40000 ALTER TABLE `receiver` ENABLE KEYS */;
UNLOCK TABLES;

--
-- Table structure for table `registered_clients`
--

DROP TABLE IF EXISTS `registered_clients`;
/*!40101 SET @saved_cs_client     = @@character_set_client */;
/*!40101 SET character_set_client = utf8 */;
CREATE TABLE `registered_clients` (
  `receiver_id` int(11) NOT NULL,
  `reward` double DEFAULT NULL,
  `totalAmount` double DEFAULT NULL,
  PRIMARY KEY (`receiver_id`)
) ENGINE=InnoDB DEFAULT CHARSET=utf8;
/*!40101 SET character_set_client = @saved_cs_client */;

--
-- Dumping data for table `registered_clients`
--

LOCK TABLES `registered_clients` WRITE;
/*!40000 ALTER TABLE `registered_clients` DISABLE KEYS */;
/*!40000 ALTER TABLE `registered_clients` ENABLE KEYS */;
UNLOCK TABLES;

--
-- Table structure for table `supplier`
--

DROP TABLE IF EXISTS `supplier`;
/*!40101 SET @saved_cs_client     = @@character_set_client */;
/*!40101 SET character_set_client = utf8 */;
CREATE TABLE `supplier` (
  `id` int(11) NOT NULL AUTO_INCREMENT,
  `address` varchar(255) DEFAULT NULL,
  `company_name` varchar(255) NOT NULL,
  `note` varchar(255) DEFAULT NULL,
  `phone_number` varchar(255) DEFAULT NULL,
  PRIMARY KEY (`id`)
) ENGINE=InnoDB AUTO_INCREMENT=5 DEFAULT CHARSET=utf8;
/*!40101 SET character_set_client = @saved_cs_client */;

--
-- Dumping data for table `supplier`
--

LOCK TABLES `supplier` WRITE;
/*!40000 ALTER TABLE `supplier` DISABLE KEYS */;
INSERT INTO `supplier` VALUES (1,'1','1','1','1'),(2,'2','2','2','2'),(3,'3','3','3','3'),(4,'5','5','5','5');
/*!40000 ALTER TABLE `supplier` ENABLE KEYS */;
UNLOCK TABLES;

--
-- Table structure for table `user_actions`
--

DROP TABLE IF EXISTS `user_actions`;
/*!40101 SET @saved_cs_client     = @@character_set_client */;
/*!40101 SET character_set_client = utf8 */;
CREATE TABLE `user_actions` (
  `id` int(11) NOT NULL AUTO_INCREMENT,
  `datetime` datetime NOT NULL,
  `description` varchar(255) DEFAULT NULL,
  `session_id` int(11) DEFAULT NULL,
  PRIMARY KEY (`id`),
  KEY `FK_ejoyh50hw1rl5y53ki55n2muf` (`session_id`),
  CONSTRAINT `FK_ejoyh50hw1rl5y53ki55n2muf` FOREIGN KEY (`session_id`) REFERENCES `user_sessions` (`id`)
) ENGINE=InnoDB DEFAULT CHARSET=utf8;
/*!40101 SET character_set_client = @saved_cs_client */;

--
-- Dumping data for table `user_actions`
--

LOCK TABLES `user_actions` WRITE;
/*!40000 ALTER TABLE `user_actions` DISABLE KEYS */;
/*!40000 ALTER TABLE `user_actions` ENABLE KEYS */;
UNLOCK TABLES;

--
-- Table structure for table `user_groups`
--

DROP TABLE IF EXISTS `user_groups`;
/*!40101 SET @saved_cs_client     = @@character_set_client */;
/*!40101 SET character_set_client = utf8 */;
CREATE TABLE `user_groups` (
  `groupname` varchar(255) NOT NULL,
  `id` int(11) NOT NULL,
  PRIMARY KEY (`groupname`),
  UNIQUE KEY `UK_jc3oa5jmr920oqmxl16jo5dgs` (`id`)
) ENGINE=InnoDB DEFAULT CHARSET=utf8;
/*!40101 SET character_set_client = @saved_cs_client */;

--
-- Dumping data for table `user_groups`
--

LOCK TABLES `user_groups` WRITE;
/*!40000 ALTER TABLE `user_groups` DISABLE KEYS */;
INSERT INTO `user_groups` VALUES ('admin',1),('vendor',2);
/*!40000 ALTER TABLE `user_groups` ENABLE KEYS */;
UNLOCK TABLES;

--
-- Table structure for table `user_sessions`
--

DROP TABLE IF EXISTS `user_sessions`;
/*!40101 SET @saved_cs_client     = @@character_set_client */;
/*!40101 SET character_set_client = utf8 */;
CREATE TABLE `user_sessions` (
  `id` int(11) NOT NULL AUTO_INCREMENT,
  `beginTime` datetime NOT NULL,
  `endTime` datetime NOT NULL,
  `ip` varchar(255) DEFAULT NULL,
  `user_id` int(11) DEFAULT NULL,
  PRIMARY KEY (`id`),
  KEY `FK_s53lpnfnkol367c935m8ue3fc` (`user_id`),
  CONSTRAINT `FK_s53lpnfnkol367c935m8ue3fc` FOREIGN KEY (`user_id`) REFERENCES `users` (`id`)
) ENGINE=InnoDB DEFAULT CHARSET=utf8;
/*!40101 SET character_set_client = @saved_cs_client */;

--
-- Dumping data for table `user_sessions`
--

LOCK TABLES `user_sessions` WRITE;
/*!40000 ALTER TABLE `user_sessions` DISABLE KEYS */;
/*!40000 ALTER TABLE `user_sessions` ENABLE KEYS */;
UNLOCK TABLES;

--
-- Table structure for table `users`
--

DROP TABLE IF EXISTS `users`;
/*!40101 SET @saved_cs_client     = @@character_set_client */;
/*!40101 SET character_set_client = utf8 */;
CREATE TABLE `users` (
  `username` varchar(255) NOT NULL,
  `id` int(11) NOT NULL,
  `password` varchar(255) NOT NULL,
  `group_id` int(11) DEFAULT NULL,
  PRIMARY KEY (`username`),
  UNIQUE KEY `UK_6jvqtxgs6xvh0h0t261hurgqo` (`id`),
  KEY `FK_fm4cfgdt24toh89yw4rbnu1lb` (`group_id`),
  CONSTRAINT `FK_fm4cfgdt24toh89yw4rbnu1lb` FOREIGN KEY (`group_id`) REFERENCES `user_groups` (`id`)
) ENGINE=InnoDB DEFAULT CHARSET=utf8;
/*!40101 SET character_set_client = @saved_cs_client */;

--
-- Dumping data for table `users`
--

LOCK TABLES `users` WRITE;
/*!40000 ALTER TABLE `users` DISABLE KEYS */;
INSERT INTO `users` VALUES ('admin',1,'AYgsjwu1mWJpIILYDramT0LZOIFckX/j2lzGuViR2OY=$0FEvT5KtRKumpIxyG87r/w==',1),('prod',2,'KvrdBgEelnfAYU9z2rppioD7TNMPYCxOHvK9ckJQqxU=$+lUrVj6ea0iNHfF3jGxlXw==',2);
/*!40000 ALTER TABLE `users` ENABLE KEYS */;
UNLOCK TABLES;

--
-- Final view structure for view `goodsg`
--

/*!50001 DROP TABLE IF EXISTS `goodsg`*/;
/*!50001 DROP VIEW IF EXISTS `goodsg`*/;
/*!50001 SET @saved_cs_client          = @@character_set_client */;
/*!50001 SET @saved_cs_results         = @@character_set_results */;
/*!50001 SET @saved_col_connection     = @@collation_connection */;
/*!50001 SET character_set_client      = utf8 */;
/*!50001 SET character_set_results     = utf8 */;
/*!50001 SET collation_connection      = utf8_general_ci */;
/*!50001 CREATE ALGORITHM=UNDEFINED */
/*!50013 DEFINER=`root`@`localhost` SQL SECURITY DEFINER */
/*!50001 VIEW `goodsg` AS select `b`.`name` AS `categoryG`,`e`.`company_name` AS `company_nameG`,`d`.`date` AS `sellDateG`,`a`.`price` AS `priceG`,`d`.`sender` AS `senderG`,(`a`.`price` * `a`.`weight`) AS `sumG`,`c`.`name` AS `meattypeG`,`a`.`weight` AS `weightG` from ((((`meat_part` `a` join `meat_category` `b`) join `meat_types` `c`) join `invoice` `d`) join `receiver` `e`) where ((`a`.`category_id` = `b`.`id`) and (`a`.`invoice_id` = `d`.`id`) and (`a`.`type_id` = `c`.`id`)) */;
/*!50001 SET character_set_client      = @saved_cs_client */;
/*!50001 SET character_set_results     = @saved_cs_results */;
/*!50001 SET collation_connection      = @saved_col_connection */;
/*!40103 SET TIME_ZONE=@OLD_TIME_ZONE */;

/*!40101 SET SQL_MODE=@OLD_SQL_MODE */;
/*!40014 SET FOREIGN_KEY_CHECKS=@OLD_FOREIGN_KEY_CHECKS */;
/*!40014 SET UNIQUE_CHECKS=@OLD_UNIQUE_CHECKS */;
/*!40101 SET CHARACTER_SET_CLIENT=@OLD_CHARACTER_SET_CLIENT */;
/*!40101 SET CHARACTER_SET_RESULTS=@OLD_CHARACTER_SET_RESULTS */;
/*!40101 SET COLLATION_CONNECTION=@OLD_COLLATION_CONNECTION */;
/*!40111 SET SQL_NOTES=@OLD_SQL_NOTES */;

-- Dump completed on 2015-09-16 23:36:49
